,_OS,_OS_IND,targeted_molecular_therapy,clinical_T
TCGA-CX-7086-01,573.0,0.0,YES,T4a
TCGA-CX-7219-01,1045.0,0.0,YES,T4a
TCGA-CX-A4AQ-01,1555.0,0.0,,T1
TCGA-D6-6515-01,403.0,1.0,NO,T2
TCGA-D6-6516-01,773.0,0.0,NO,T1
TCGA-D6-6517-01,292.0,0.0,YES,T3
TCGA-D6-6823-01,701.0,0.0,NO,T3
TCGA-D6-6824-01,77.0,0.0,NO,T4a
TCGA-D6-6825-01,491.0,0.0,NO,T3
TCGA-D6-6826-01,348.0,1.0,NO,T4a
TCGA-D6-6827-01,568.0,0.0,NO,T1
TCGA-D6-8568-01,759.0,0.0,YES,T2
TCGA-D6-8569-01,770.0,0.0,NO,T2
TCGA-D6-A4Z9-01,539.0,0.0,NO,T2
TCGA-D6-A4ZB-01,376.0,0.0,NO,T3
TCGA-D6-A6EK-01,875.0,0.0,YES,T4
TCGA-D6-A6EM-01,232.0,0.0,NO,T2
TCGA-D6-A6EN-01,687.0,0.0,NO,T3
TCGA-D6-A6EO-01,759.0,0.0,NO,T4a
TCGA-D6-A6EP-01,424.0,0.0,,T3
TCGA-D6-A6EQ-01,368.0,0.0,,T4a
TCGA-D6-A6ES-01,389.0,0.0,NO,T4a
TCGA-D6-A74Q-01,710.0,0.0,NO,T4a
TCGA-DQ-5624-01,1778.0,0.0,YES,T4a
TCGA-DQ-5625-01,1133.0,1.0,NO,T2
TCGA-DQ-5630-01,1030.0,0.0,NO,T3
TCGA-DQ-5631-01,548.0,1.0,YES,T3
TCGA-DQ-7588-01,427.0,1.0,NO,T2
TCGA-DQ-7589-01,1409.0,0.0,YES,T2
TCGA-DQ-7590-01,1413.0,0.0,YES,T1
TCGA-DQ-7591-01,622.0,0.0,YES,T4a
TCGA-DQ-7592-01,1143.0,0.0,YES,T4a
TCGA-DQ-7593-01,1224.0,0.0,YES,T4a
TCGA-DQ-7594-01,1218.0,0.0,YES,T4a
TCGA-DQ-7595-01,1190.0,0.0,YES,T2
TCGA-DQ-7596-01,1265.0,0.0,YES,T2
TCGA-F7-7848-01,1131.0,0.0,NO,T4a
TCGA-F7-8298-01,995.0,0.0,NO,T1
TCGA-F7-8489-01,658.0,0.0,NO,T2
TCGA-F7-A50G-01,616.0,0.0,NO,
TCGA-F7-A50I-01,92.0,0.0,,
TCGA-F7-A50J-01,947.0,0.0,YES,
TCGA-F7-A61S-01,576.0,0.0,NO,TX
TCGA-F7-A61V-01,759.0,0.0,NO,TX
TCGA-F7-A61W-01,14.0,0.0,,TX
TCGA-F7-A620-01,543.0,0.0,NO,TX
TCGA-F7-A622-01,359.0,1.0,NO,TX
TCGA-F7-A623-01,616.0,0.0,NO,TX
TCGA-F7-A624-01,378.0,0.0,NO,TX
TCGA-H7-7774-01,407.0,0.0,NO,T3
TCGA-H7-8501-01,461.0,0.0,YES,T4a
TCGA-H7-8502-01,458.0,0.0,YES,T4a
TCGA-H7-A6C4-01,,,YES,T3
TCGA-H7-A76A-01,637.0,0.0,NO,T2
TCGA-HD-7229-01,1027.0,0.0,YES,T4a
TCGA-HD-7753-01,866.0,0.0,YES,T2
TCGA-HD-7754-01,783.0,0.0,,T2
TCGA-HD-7831-01,667.0,0.0,NO,T3
TCGA-HD-7832-01,836.0,0.0,NO,T4a
TCGA-HD-7917-01,836.0,1.0,NO,T2
TCGA-HD-8224-01,446.0,1.0,YES,T3
TCGA-HD-8314-01,670.0,0.0,YES,T1
TCGA-HD-8634-01,385.0,1.0,NO,T1
TCGA-HD-8635-01,695.0,0.0,NO,T1
TCGA-HD-A4C1-01,11.0,0.0,,T3
TCGA-HD-A633-01,421.0,0.0,NO,T4
TCGA-HD-A634-01,130.0,1.0,,T3
TCGA-HD-A6HZ-01,111.0,0.0,,T2
TCGA-HD-A6I0-01,210.0,0.0,NO,T3
TCGA-HL-7533-01,1057.0,0.0,YES,T2
TCGA-IQ-7630-01,485.0,0.0,YES,T3
TCGA-IQ-7631-01,1172.0,0.0,NO,T2
TCGA-IQ-7632-01,441.0,0.0,NO,T4a
TCGA-IQ-A61E-01,1147.0,0.0,YES,T3
TCGA-IQ-A61G-01,360.0,0.0,YES,T4a
TCGA-IQ-A61H-01,1138.0,0.0,NO,T2
TCGA-IQ-A61I-01,2.0,1.0,,T1
TCGA-IQ-A61J-01,1021.0,0.0,YES,T2
TCGA-IQ-A61O-01,421.0,1.0,YES,T2
TCGA-IQ-A6SH-01,471.0,0.0,NO,T2
TCGA-KU-A66S-01,406.0,1.0,NO,T2
TCGA-KU-A66T-01,552.0,0.0,NO,T4
TCGA-KU-A6H7-01,586.0,0.0,YES,T2
TCGA-KU-A6H8-01,327.0,1.0,YES,T1
TCGA-MT-A51W-01,437.0,0.0,NO,T1
TCGA-MT-A51X-01,242.0,0.0,NO,T1
TCGA-MT-A67A-01,914.0,0.0,NO,T1
TCGA-MT-A67D-01,56.0,0.0,,T2
TCGA-MT-A67F-01,384.0,0.0,YES,T4
TCGA-MT-A7BN-01,469.0,0.0,YES,T2
TCGA-MZ-A5BI-01,217.0,1.0,,T2
TCGA-MZ-A6I9-01,489.0,1.0,NO,T4a
TCGA-MZ-A7D7-01,547.0,0.0,YES,T3
TCGA-P3-A5Q5-01,910.0,0.0,,TX
TCGA-P3-A5Q6-01,480.0,1.0,YES,T3
TCGA-P3-A5QA-01,2182.0,0.0,NO,T2
TCGA-P3-A5QE-01,1559.0,0.0,NO,T1
TCGA-P3-A5QF-01,330.0,1.0,,T4
TCGA-P3-A6SW-01,1120.0,0.0,,T4
TCGA-P3-A6SX-01,1430.0,1.0,,T4
TCGA-P3-A6T0-01,578.0,0.0,,T4
TCGA-P3-A6T2-01,2298.0,0.0,YES,T2
TCGA-P3-A6T3-01,577.0,1.0,,T4
TCGA-P3-A6T4-01,62.0,1.0,,T4
TCGA-P3-A6T5-01,882.0,1.0,NO,T4
TCGA-P3-A6T6-01,395.0,1.0,NO,T4
TCGA-P3-A6T7-01,487.0,1.0,,T3
TCGA-P3-A6T8-01,400.0,0.0,,T4a
TCGA-QK-A64Z-01,641.0,1.0,NO,T2
TCGA-QK-A652-01,645.0,0.0,NO,T2
TCGA-QK-A6IF-01,704.0,0.0,YES,T1
TCGA-QK-A6IG-01,222.0,1.0,YES,T2
TCGA-QK-A6IH-01,653.0,0.0,YES,T4a
TCGA-QK-A6II-01,284.0,1.0,YES,T3
TCGA-QK-A6IJ-01,387.0,0.0,NO,T2
TCGA-QK-A6V9-01,833.0,0.0,NO,T2
TCGA-QK-A6VB-01,641.0,0.0,NO,T4a
TCGA-QK-A6VC-01,600.0,0.0,NO,T4a
TCGA-QK-A8Z7-01,392.0,0.0,YES,T4a
TCGA-QK-A8Z8-01,171.0,1.0,,T3
TCGA-QK-A8Z9-01,449.0,1.0,YES,T4a
TCGA-QK-A8ZA-01,371.0,1.0,YES,T2
TCGA-QK-A8ZB-01,542.0,0.0,NO,T4a
TCGA-QK-AA3J-01,466.0,0.0,NO,T1
TCGA-QK-AA3K-01,253.0,0.0,YES,T3
TCGA-RS-A6TO-01,387.0,1.0,YES,T4
TCGA-RS-A6TP-01,516.0,0.0,NO,T2
TCGA-T2-A6WX-01,209.0,1.0,,T3
TCGA-T2-A6WZ-01,484.0,1.0,YES,T3
TCGA-T2-A6X0-01,216.0,0.0,,T1
TCGA-T2-A6X2-01,987.0,0.0,,T3
TCGA-T3-A92M-01,417.0,0.0,YES,T4a
TCGA-T3-A92N-01,95.0,1.0,NO,T1
TCGA-TN-A7HI-01,412.0,0.0,NO,T1
TCGA-TN-A7HJ-01,403.0,0.0,YES,T3
TCGA-TN-A7HL-01,619.0,0.0,YES,T4a
TCGA-UF-A718-01,1971.0,0.0,,T4a
TCGA-UF-A719-01,1663.0,0.0,NO,T3
TCGA-UF-A71A-01,86.0,1.0,,T3
TCGA-UF-A71B-01,1506.0,0.0,NO,T4a
TCGA-UF-A71D-01,1461.0,0.0,NO,T4a
TCGA-UF-A71E-01,1504.0,1.0,NO,T4
TCGA-UF-A7J9-01,1358.0,0.0,NO,T4a
TCGA-UF-A7JA-01,2265.0,0.0,NO,T4a
TCGA-UF-A7JC-01,546.0,1.0,YES,T3
TCGA-UF-A7JD-01,739.0,1.0,NO,T4a
TCGA-UF-A7JF-01,1686.0,0.0,YES,T4a
TCGA-UF-A7JH-01,896.0,0.0,NO,T4a
TCGA-UF-A7JJ-01,549.0,0.0,YES,T4a
TCGA-UF-A7JK-01,424.0,1.0,,T4a
TCGA-UF-A7JO-01,631.0,1.0,,T4a
TCGA-UF-A7JS-01,680.0,1.0,NO,T3
TCGA-UF-A7JT-01,993.0,1.0,,T4a
TCGA-UF-A7JV-01,90.0,1.0,,T4a
TCGA-UP-A6WW-01,518.0,0.0,NO,T2
TCGA-WA-A7H4-01,443.0,0.0,NO,T2
