,_OS,_OS_IND,targeted_molecular_therapy,clinical_T
TCGA-4P-AA8J-01,102.0,0.0,NO,T4a
TCGA-BA-5149-01,806.0,1.0,YES,T3
TCGA-BA-5152-01,1288.0,0.0,NO,T4a
TCGA-BA-5555-01,520.0,0.0,NO,T2
TCGA-BA-5556-01,725.0,0.0,NO,T2
TCGA-BA-5557-01,623.0,0.0,YES,T2
TCGA-BA-5558-01,1995.0,0.0,NO,T4a
TCGA-BA-5559-01,2083.0,1.0,NO,T3
TCGA-BA-6868-01,472.0,1.0,YES,T3
TCGA-BA-6869-01,644.0,0.0,NO,T3
TCGA-BA-6870-01,451.0,1.0,YES,T3
TCGA-BA-6871-01,108.0,1.0,NO,T3
TCGA-BA-6872-01,384.0,1.0,YES,T3
TCGA-BA-6873-01,122.0,0.0,NO,T2
TCGA-BA-7269-01,1273.0,0.0,NO,T2
TCGA-BA-A4IF-01,895.0,0.0,YES,T4
TCGA-BA-A4IG-01,855.0,0.0,YES,T2
TCGA-BA-A4IH-01,622.0,0.0,YES,T2
TCGA-BA-A4II-01,918.0,0.0,,T1
TCGA-BA-A6D8-01,850.0,0.0,YES,T4a
TCGA-BA-A6DA-01,351.0,0.0,,T4a
TCGA-BA-A6DB-01,216.0,0.0,NO,T2
TCGA-BA-A6DD-01,173.0,1.0,,T4a
TCGA-BA-A6DE-01,440.0,0.0,,T3
TCGA-BA-A6DG-01,69.0,1.0,,T4a
TCGA-BA-A6DI-01,336.0,1.0,,T3
TCGA-BA-A6DJ-01,407.0,1.0,YES,T4
TCGA-BA-A6DL-01,623.0,0.0,YES,T3
TCGA-BA-A8YP-01,499.0,0.0,YES,T4
TCGA-BB-4217-01,187.0,0.0,NO,T4a
TCGA-BB-4227-01,134.0,0.0,NO,T4a
TCGA-BB-7861-01,682.0,0.0,YES,TX
TCGA-BB-7862-01,1117.0,0.0,NO,T2
TCGA-BB-7863-01,1025.0,0.0,NO,T3
TCGA-BB-7864-01,1527.0,0.0,YES,T3
TCGA-BB-7866-01,1368.0,0.0,YES,T3
TCGA-BB-7870-01,2016.0,0.0,NO,T3
TCGA-BB-7871-01,750.0,0.0,NO,T4a
TCGA-BB-7872-01,1168.0,0.0,YES,T2
TCGA-BB-8596-01,2161.0,0.0,NO,T4
TCGA-BB-8601-01,624.0,0.0,NO,T2
TCGA-BB-A5HU-01,782.0,0.0,YES,T4
TCGA-BB-A5HY-01,321.0,1.0,YES,T3
TCGA-BB-A5HZ-01,827.0,0.0,YES,T4
TCGA-BB-A6UO-01,268.0,1.0,,T3
TCGA-C9-A47Z-01,191.0,1.0,NO,T2
TCGA-C9-A480-01,386.0,0.0,NO,T3
TCGA-CN-4733-01,1586.0,0.0,NO,T1
TCGA-CN-4738-01,436.0,1.0,,T4a
TCGA-CN-4739-01,1394.0,1.0,YES,T4a
TCGA-CN-4742-01,397.0,1.0,YES,T4a
TCGA-CN-5358-01,261.0,1.0,NO,T2
TCGA-CN-5370-01,259.0,1.0,,T2
TCGA-CN-6010-01,1523.0,0.0,YES,T4a
TCGA-CN-6011-01,933.0,0.0,YES,T4a
TCGA-CN-6012-01,1460.0,0.0,YES,T3
TCGA-CN-6013-01,727.0,1.0,YES,T4a
TCGA-CN-6016-01,1443.0,0.0,YES,T4a
TCGA-CN-6017-01,853.0,1.0,YES,T2
TCGA-CN-6018-01,580.0,1.0,NO,T4a
TCGA-CN-6019-01,1038.0,0.0,YES,T4a
TCGA-CN-6020-01,205.0,1.0,NO,T3
TCGA-CN-6021-01,276.0,1.0,,T3
TCGA-CN-6022-01,281.0,1.0,NO,T4a
TCGA-CN-6023-01,1584.0,0.0,YES,T4a
TCGA-CN-6024-01,337.0,1.0,,T4a
TCGA-CN-6988-01,318.0,0.0,,T4a
TCGA-CN-6989-01,980.0,1.0,YES,T3
TCGA-CN-6992-01,1066.0,0.0,YES,T4a
TCGA-CN-6994-01,1183.0,0.0,NO,T4a
TCGA-CN-6995-01,112.0,1.0,NO,T4a
TCGA-CN-6996-01,530.0,1.0,YES,T3
TCGA-CN-6997-01,988.0,1.0,YES,T4a
TCGA-CN-6998-01,357.0,1.0,YES,T4a
TCGA-CN-A497-01,1065.0,0.0,NO,T2
TCGA-CN-A498-01,773.0,1.0,YES,T2
TCGA-CN-A499-01,717.0,0.0,NO,T1
TCGA-CN-A49A-01,526.0,1.0,YES,T4a
TCGA-CN-A49B-01,904.0,0.0,NO,T3
TCGA-CN-A49C-01,645.0,0.0,YES,T4a
TCGA-CN-A63T-01,225.0,0.0,YES,T3
TCGA-CN-A63U-01,964.0,0.0,NO,T3
TCGA-CN-A63V-01,679.0,0.0,NO,T4
TCGA-CN-A63W-01,377.0,1.0,YES,T4a
TCGA-CN-A641-01,367.0,0.0,,T4
TCGA-CN-A642-01,82.0,1.0,NO,T3
TCGA-CN-A6UY-01,713.0,0.0,YES,T3
TCGA-CN-A6V1-01,603.0,0.0,YES,T2
TCGA-CN-A6V3-01,742.0,0.0,YES,T3
TCGA-CN-A6V6-01,635.0,0.0,YES,T2
TCGA-CN-A6V7-01,594.0,0.0,YES,T2
TCGA-CQ-5323-01,1466.0,0.0,NO,T3
TCGA-CQ-5324-01,1593.0,0.0,NO,T3
TCGA-CQ-5325-01,654.0,1.0,NO,T1
TCGA-CQ-5326-01,89.0,1.0,NO,T4a
TCGA-CQ-5327-01,1660.0,0.0,YES,T3
TCGA-CQ-5329-01,2143.0,0.0,NO,T3
TCGA-CQ-5330-01,1897.0,0.0,YES,T3
TCGA-CQ-5331-01,1399.0,0.0,NO,T4a
TCGA-CQ-5332-01,317.0,1.0,,T3
TCGA-CQ-5333-01,341.0,1.0,NO,T1
TCGA-CQ-5334-01,129.0,1.0,NO,T4b
TCGA-CQ-6218-01,1253.0,0.0,YES,T3
TCGA-CQ-6220-01,985.0,1.0,NO,T2
TCGA-CQ-6223-01,1428.0,0.0,NO,T4a
TCGA-CQ-6224-01,1721.0,0.0,YES,T2
TCGA-CQ-6227-01,129.0,1.0,NO,T3
TCGA-CQ-6228-01,456.0,1.0,NO,T2
TCGA-CQ-6229-01,1179.0,0.0,NO,T2
TCGA-CQ-7063-01,2133.0,0.0,NO,
TCGA-CQ-7065-01,1628.0,0.0,NO,T2
TCGA-CQ-7067-01,509.0,0.0,NO,T1
TCGA-CQ-7068-01,1309.0,0.0,NO,T2
TCGA-CQ-7069-01,1274.0,0.0,NO,T2
TCGA-CQ-7071-01,1311.0,0.0,NO,T4a
TCGA-CQ-7072-01,2359.0,0.0,NO,T4a
TCGA-CQ-A4C6-01,1353.0,0.0,NO,T2
TCGA-CQ-A4C9-01,707.0,0.0,NO,TX
TCGA-CQ-A4CA-01,,,,T2
TCGA-CQ-A4CB-01,893.0,0.0,NO,T2
TCGA-CQ-A4CD-01,1022.0,0.0,NO,T4b
TCGA-CQ-A4CE-01,897.0,0.0,NO,T2
TCGA-CQ-A4CG-01,430.0,1.0,NO,T2
TCGA-CQ-A4CH-01,379.0,1.0,YES,T4a
TCGA-CQ-A4CI-01,950.0,0.0,NO,TX
TCGA-CR-5243-01,2562.0,0.0,YES,T3
TCGA-CR-5247-01,358.0,0.0,YES,T3
TCGA-CR-5248-01,1663.0,0.0,,T4a
TCGA-CR-5249-01,1152.0,0.0,YES,T2
TCGA-CR-5250-01,799.0,0.0,YES,T2
TCGA-CR-6467-01,1777.0,0.0,NO,T2
TCGA-CR-6470-01,1521.0,0.0,YES,T1
TCGA-CR-6471-01,1202.0,1.0,,T4a
TCGA-CR-6472-01,1050.0,0.0,YES,T2
TCGA-CR-6473-01,1125.0,0.0,YES,T3
TCGA-CR-6474-01,564.0,1.0,NO,T3
TCGA-CR-6477-01,514.0,0.0,,T3
TCGA-CR-6478-01,183.0,1.0,YES,T3
TCGA-CR-6480-01,362.0,0.0,,T2
TCGA-CR-6481-01,311.0,0.0,,T2
TCGA-CR-6482-01,345.0,0.0,,T2
TCGA-CR-6484-01,354.0,0.0,YES,T4a
TCGA-CR-6487-01,234.0,0.0,NO,T2
TCGA-CR-6488-01,379.0,0.0,NO,T2
TCGA-CR-6491-01,693.0,0.0,YES,T4a
TCGA-CR-6492-01,479.0,0.0,NO,T4a
TCGA-CR-6493-01,282.0,1.0,YES,T3
TCGA-CR-7364-01,1435.0,0.0,NO,T3
TCGA-CR-7365-01,1191.0,0.0,YES,T4a
TCGA-CR-7367-01,1440.0,0.0,YES,T4a
TCGA-CR-7368-01,1245.0,0.0,YES,T4a
TCGA-CR-7369-01,1090.0,1.0,NO,T4a
TCGA-CR-7370-01,105.0,0.0,NO,T2
TCGA-CR-7371-01,94.0,1.0,NO,T3
